Workbook

Sheet 假設
A1: Landfall 登岸 定價模型｜假設輸入
A2: 說明：藍字黃底為可修改的假設；其他工作表的公式都引用這裡。所有數值為待首案校正的假設，不是本所正式費率。
A4: 假設 | B4: 數值 | C4: 說明／來源
A5: 混合費率（NT$／小時） | B5: 3500 | C5: 假設值，非本所正式費率；請以實際收費規定替換
A6: 首案共創折扣 | B6: 0.5 | C6: 首案以共創價招募，降低客戶下注成本（策略書：No-Go 付費問題的解法）
A7: 工時緩衝 | B7: 0.15 | C7: GTM v0.98 第 15.2 章：6–8 週／90 天節奏的實際負荷未驗證，先加緩衝
A8: Growth Partnership 每月工時 | B8: 24 | C8: 假設值：每月 Win/Loss、KPI 檢視與陪跑會議
A9: Activation 里程碑費占比 | B9: 0.3 | C9: GTM v0.98 第 13.3 章：固定費＋里程碑費；假設 30% 於里程碑達成時收取
A10: 年度首案目標家數 | B10: 3 | C10: 策略書 90 天計畫：簽下 2–3 家首案

Sheet 方案彙總
A1: 方案彙總與建議售價
A3: 方案 | B3: 含緩衝工時（小時） | C3: 牌價（NT$） | D3: 首案共創價（NT$） | E3: 收費方式
A4: GTM Decision Package | B4: ='Decision Package'!D31 | C4: =B4*假設!$B$5 | D4: =C4*(1-假設!$B$6) | E4: 固定費
A5: GTM Activation Package | B5: ='Activation Package'!D21 | C5: =B5*假設!$B$5 | D5: =C5 | E5: 固定費＋里程碑費
A6: GTM Growth Partnership（每月） | B6: =假設!$B$8 | C6: =B6*假設!$B$5 | D6: =C6 | E6: 固定費＋成效分潤（第 14 章條件成立才啟用）
A8: Activation 里程碑費拆分
A9: 簽約固定費 | C9: =C5*(1-假設!$B$9)
A10: 里程碑費 | C10: =C5*假設!$B$9
A12: 首年營收試算（首案家數 × Decision Package 共創價） | C12: =D4*假設!$B$10

Sheet 敏感性
A1: Decision Package 牌價敏感性（NT$）
A2: 列：混合費率；欄：實際工時相對預估的增減。用於判斷首案實際工時偏離時，價格要調整多少。
A4: 費率＼工時變動 | B4: -0.3 | C4: -0.15 | D4: 0 | E4: 0.15 | F4: 0.3
A5: 2500 | B5: =方案彙總!$B$4*(1+B$4)*$A5 | C5: =方案彙總!$B$4*(1+C$4)*$A5 | D5: =方案彙總!$B$4*(1+D$4)*$A5 | E5: =方案彙總!$B$4*(1+E$4)*$A5 | F5: =方案彙總!$B$4*(1+F$4)*$A5
A6: 3000 | B6: =方案彙總!$B$4*(1+B$4)*$A6 | C6: =方案彙總!$B$4*(1+C$4)*$A6 | D6: =方案彙總!$B$4*(1+D$4)*$A6 | E6: =方案彙總!$B$4*(1+E$4)*$A6 | F6: =方案彙總!$B$4*(1+F$4)*$A6
A7: 3500 | B7: =方案彙總!$B$4*(1+B$4)*$A7 | C7: =方案彙總!$B$4*(1+C$4)*$A7 | D7: =方案彙總!$B$4*(1+D$4)*$A7 | E7: =方案彙總!$B$4*(1+E$4)*$A7 | F7: =方案彙總!$B$4*(1+F$4)*$A7
A8: 4000 | B8: =方案彙總!$B$4*(1+B$4)*$A8 | C8: =方案彙總!$B$4*(1+C$4)*$A8 | D8: =方案彙總!$B$4*(1+D$4)*$A8 | E8: =方案彙總!$B$4*(1+E$4)*$A8 | F8: =方案彙總!$B$4*(1+F$4)*$A8
A9: 4500 | B9: =方案彙總!$B$4*(1+B$4)*$A9 | C9: =方案彙總!$B$4*(1+C$4)*$A9 | D9: =方案彙總!$B$4*(1+D$4)*$A9 | E9: =方案彙總!$B$4*(1+E$4)*$A9 | F9: =方案彙總!$B$4*(1+F$4)*$A9
A11: 首案共創價也同比例變動（× (1 − 首案共創折扣)）。

Sheet Decision Package
A1: GTM Decision Package｜段 0～3＋決策關卡
A2: 藍字為預估工時（假設），首案時請用案件工作台記錄的實際工時取代。
A4: 段 | B4: 工具／工作 | C4: 預估工時（小時） | D4: 含緩衝工時（小時） | E4: 成本（NT$） | F4: 備註
A5: 段 0 目標確定 | B5: 專案設定：決策問題、假設登錄、證據計畫、Decision Rights、停損條件 | C5: 24 | D5: =C5*(1+假設!$B$7) | E5: =D5*假設!$B$5 | F5: 非工具，前置設定（第 4 章）
A6: 段 1 | B6: 企業資產盤點 | C6: 16 | D6: =C6*(1+假設!$B$7) | E6: =D6*假設!$B$5
A7: 段 1 | B7: BCG 矩陣 | C7: 6 | D7: =C7*(1+假設!$B$7) | E7: =D7*假設!$B$5 | F7: 只作戰略對齊
A8: 段 1 | B8: 七項篩選標準（案件閘門） | C8: 8 | D8: =C8*(1+假設!$B$7) | E8: =D8*假設!$B$5 | F8: 含 G-7 ISTI 資源承諾驗證
A9: 段 1 | B9: 技術—情境探索迴圈（Baseline／發散／校準） | C9: 32 | D9: =C9*(1+假設!$B$7) | E9: =D9*假設!$B$5 | F9: v0.98 新增，非計數工具；含 V1→V2
A10: 段 2 市場 | B10: PESTLE | C10: 10 | D10: =C10*(1+假設!$B$7) | E10: =D10*假設!$B$5
A11: 段 2 市場 | B11: CAGE | C11: 8 | D11: =C11*(1+假設!$B$7) | E11: =D11*假設!$B$5
A12: 段 2 市場 | B12: 市場合規性 | C12: 16 | D12: =C12*(1+假設!$B$7) | E12: =D12*假設!$B$5
A13: 段 2 買方 | B13: ICP | C13: 10 | D13: =C13*(1+假設!$B$7) | E13: =D13*假設!$B$5
A14: 段 2 買方 | B14: Persona | C14: 10 | D14: =C14*(1+假設!$B$7) | E14: =D14*假設!$B$5
A15: 段 2 買方 | B15: 初步客戶探索訪談 | C15: 24 | D15: =C15*(1+假設!$B$7) | E15: =D15*假設!$B$5 | F15: 5–10 次有效外部對話（第 15.3 章）
A16: 段 2 買方 | B16: 客戶洞察訪談（深度） | C16: 40 | D16: =C16*(1+假設!$B$7) | E16: =D16*假設!$B$5
A17: 段 2 買方 | B17: 客戶旅程地圖 | C17: 12 | D17: =C17*(1+假設!$B$7) | E17: =D17*假設!$B$5
A18: 段 2 競爭 | B18: 五力分析 | C18: 10 | D18: =C18*(1+假設!$B$7) | E18: =D18*假設!$B$5
A19: 段 2 競爭 | B19: 勝負情境推演 | C19: 10 | D19: =C19*(1+假設!$B$7) | E19: =D19*假設!$B$5
A20: 段 2 競爭 | B20: 基本專利比對（護城河） | C20: 16 | D20: =C20*(1+假設!$B$7) | E20: =D20*假設!$B$5
A21: 段 2 競爭 | B21: ① 競爭者六面向輪廓 | C21: 16 | D21: =C21*(1+假設!$B$7) | E21: =D21*假設!$B$5
A22: 段 2 競爭 | B22: ② 功能比較矩陣 | C22: 12 | D22: =C22*(1+假設!$B$7) | E22: =D22*假設!$B$5
A23: 段 2 競爭 | B23: ③ 競爭性 SWOT | C23: 8 | D23: =C23*(1+假設!$B$7) | E23: =D23*假設!$B$5
A24: 段 2 競爭 | B24: ④ 加權競爭矩陣 | C24: 8 | D24: =C24*(1+假設!$B$7) | E24: =D24*假設!$B$5
A25: 段 2 競爭 | B25: ⑤ 定位矩陣 | C25: 6 | D25: =C25*(1+假設!$B$7) | E25: =D25*假設!$B$5
A26: 段 2 缺口 | B26: Whole Product 缺口 | C26: 10 | D26: =C26*(1+假設!$B$7) | E26: =D26*假設!$B$5
A27: 段 3 | B27: 市場吸引力加權評分矩陣 | C27: 12 | D27: =C27*(1+假設!$B$7) | E27: =D27*假設!$B$5 | F27: 含權重敏感性檢驗
A28: 段 3 | B28: Beachhead 三維 | C28: 10 | D28: =C28*(1+假設!$B$7) | E28: =D28*假設!$B$5
A29: 決策關卡 | B29: 決策關卡會議與 Go／Pivot／Hold／No-Go 備忘錄 | C29: 12 | D29: =C29*(1+假設!$B$7) | E29: =D29*假設!$B$5 | F29: No-Go 也交付決策備忘錄
A30: 治理 | B30: Hypothesis／Evidence／Decision Log 每週更新 | C30: 20 | D30: =C30*(1+假設!$B$7) | E30: =D30*假設!$B$5 | F30: 第 10 章，非計數工具
B31: 合計 | C31: =SUM(C5:C30) | D31: =SUM(D5:D30) | E31: =SUM(E5:E30)

Sheet Activation Package
A1: GTM Activation Package｜段 4～6＋初期段 7
A2: 藍字為預估工時（假設），首案時請用案件工作台記錄的實際工時取代。
A4: 段 | B4: 工具／工作 | C4: 預估工時（小時） | D4: 含緩衝工時（小時） | E4: 成本（NT$） | F4: 備註
A5: 段 4 | B5: 價值鏈分析 | C5: 12 | D5: =C5*(1+假設!$B$7) | E5: =D5*假設!$B$5
A6: 段 4 | B6: VPC 價值主張圖 | C6: 12 | D6: =C6*(1+假設!$B$7) | E6: =D6*假設!$B$5
A7: 段 4 | B7: Positioning（5＋1） | C7: 10 | D7: =C7*(1+假設!$B$7) | E7: =D7*假設!$B$5
A8: 段 4 | B8: Message House | C8: 10 | D8: =C8*(1+假設!$B$7) | E8: =D8*假設!$B$5
A9: 段 5 | B9: 市場進入模式 | C9: 12 | D9: =C9*(1+假設!$B$7) | E9: =D9*假設!$B$5
A10: 段 5 | B10: 通路夥伴評估矩陣 | C10: 16 | D10: =C10*(1+假設!$B$7) | E10: =D10*假設!$B$5
A11: 段 5 | B11: 鏈結窗口 | C11: 16 | D11: =C11*(1+假設!$B$7) | E11: =D11*假設!$B$5
A12: 段 5 | B12: 服務藍圖 | C12: 12 | D12: =C12*(1+假設!$B$7) | E12: =D12*假設!$B$5
A13: 段 6 | B13: 定價模式 | C13: 16 | D13: =C13*(1+假設!$B$7) | E13: =D13*假設!$B$5
A14: 段 6 | B14: GTM Motion | C14: 10 | D14: =C14*(1+假設!$B$7) | E14: =D14*假設!$B$5
A15: 段 6 | B15: MEDDIC（完整） | C15: 20 | D15: =C15*(1+假設!$B$7) | E15: =D15*假設!$B$5
A16: 段 6 | B16: 行銷戰術組合 | C16: 12 | D16: =C16*(1+假設!$B$7) | E16: =D16*假設!$B$5
... A20: 治理 | B20: Decision Log 與週報 | C20: 16 | D20: =C20*(1+假設!$B$7) | E20: =D20*假設!$B$5
B21: 合計 | C21: =SUM(C5:C20) | D21: =SUM(D5:D20) | E21: =SUM(E5:E20)
